{"cameraMode":{"drawMode":0,"name":"Shaded","section":"Shading Mode"},"sceneLighting":true,"audioPlay":false,"sceneViewState":{"m_AlwaysRefresh":false,"showFog":true,"showSkybox":true,"showFlares":true,"showImageEffects":true,"showParticleSystems":true,"showVisualEffectGraphs":true,"m_FxEnabled":true},"in2DMode":false,"pivot":{"x":-81.96443176269531,"y":32.333316802978519,"z":-111.72711181640625},"rotation":{"x":-0.09282666444778443,"y":0.40892350673675539,"z":-0.041851360350847247,"w":-0.9068796038627625},"size":111.6809310913086,"orthographic":false}